epoch,train_accuracy,dev_accuracy,dev_precision,dev_recall,dev_f1score
0,0.86,0.86,0.755192878338279,0.994140625,0.8583473861720067
1,0.89,0.89,0.8427787934186471,0.900390625,0.8706326723323891
2,0.9,0.9,0.8180354267310789,0.9921875,0.8967343336275375
3,0.9,0.91,0.8424657534246576,0.9609375,0.8978102189781023
4,0.91,0.91,0.8341625207296849,0.982421875,0.9022421524663677
5,0.89,0.9,0.8262295081967214,0.984375,0.8983957219251338
6,0.9,0.9,0.8209677419354838,0.994140625,0.8992932862190813
7,0.9,0.9,0.824390243902439,0.990234375,0.8997338065661047
8,0.9,0.9,0.8305647840531561,0.9765625,0.8976660682226212
