epoch,train_accuracy,dev_accuracy,dev_precision,dev_recall,dev_f1score
0,0.74,0.74,0.6178660049627791,0.97265625,0.755690440060698
1,0.84,0.84,0.7568438003220612,0.91796875,0.8296557811120919
2,0.7,0.68,0.5914826498422713,0.732421875,0.6544502617801047
3,0.86,0.85,0.7805695142378559,0.91015625,0.8403967538322813
4,0.85,0.85,0.7565084226646248,0.96484375,0.848068669527897
5,0.85,0.86,0.7712,0.94140625,0.8478452066842568
6,0.86,0.86,0.7975986277873071,0.908203125,0.8493150684931507
7,0.88,0.88,0.8084033613445378,0.939453125,0.8690153568202349
