epoch,train_accuracy,dev_accuracy,dev_precision,dev_recall,dev_f1score
0,0.85,0.87,0.7831715210355987,0.9453125,0.856637168141593
1,0.84,0.84,0.7601957585644372,0.91015625,0.8284444444444445
2,0.85,0.86,0.7839195979899497,0.9140625,0.8440036068530208
3,0.85,0.86,0.8031914893617021,0.884765625,0.8420074349442378
4,0.86,0.86,0.8166969147005445,0.87890625,0.8466603951081845
