epoch,train_accuracy,dev_accuracy,dev_precision,dev_recall,dev_f1score
0,0.76,0.77,0.652232746955345,0.94140625,0.7705835331734612
1,0.81,0.83,0.7310664605873262,0.923828125,0.816220880069025
2,0.84,0.84,0.7555555555555555,0.9296875,0.8336252189141856
3,0.84,0.85,0.7554517133956387,0.947265625,0.8405545927209706
4,0.83,0.84,0.7378787878787879,0.951171875,0.8310580204778159
5,0.87,0.88,0.8142361111111112,0.916015625,0.8621323529411765
