epoch,train_accuracy,dev_accuracy,dev_precision,dev_recall,dev_f1score
0,0.84,0.85,0.7652733118971061,0.9296875,0.8395061728395062
1,0.84,0.83,0.7587939698492462,0.884765625,0.8169522091974751
2,0.85,0.86,0.7691082802547771,0.943359375,0.8473684210526317
3,0.86,0.86,0.7948717948717948,0.908203125,0.8477666362807658
4,0.83,0.83,0.7254038179148311,0.96484375,0.8281642917015927
5,0.86,0.87,0.8051282051282052,0.919921875,0.8587055606198724
6,0.84,0.84,0.7717206132879046,0.884765625,0.8243858052775251
7,0.83,0.82,0.7307692307692307,0.890625,0.8028169014084506
8,0.85,0.85,0.7598116169544741,0.9453125,0.8424717145343777
