epoch,train_accuracy,dev_accuracy,dev_precision,dev_recall,dev_f1score
0,0.91,0.91,0.8811320754716981,0.912109375,0.8963531669865643
1,0.94,0.92,0.868421052631579,0.966796875,0.9149722735674677
