epoch,train_accuracy,dev_accuracy,dev_precision,dev_recall,dev_f1score
0,0.82,0.84,0.7330383480825958,0.970703125,0.8352941176470589
1,0.85,0.86,0.832046332046332,0.841796875,0.8368932038834952
2,0.85,0.86,0.8114602587800369,0.857421875,0.8338081671415005
3,0.85,0.86,0.7670807453416149,0.96484375,0.8546712802768165
4,0.88,0.88,0.8016528925619835,0.947265625,0.8683974932855865
5,0.86,0.87,0.7753510140405616,0.970703125,0.8620988725065047
6,0.87,0.86,0.8207024029574861,0.8671875,0.8433048433048432
7,0.88,0.88,0.8300884955752212,0.916015625,0.8709377901578459
