epoch,train_accuracy,dev_accuracy,dev_precision,dev_recall,dev_f1score
0,0.59,0.59,0.5714285714285714,0.015625,0.030418250950570342
1,0.59,0.59,0.0,0.0,0.0
2,0.59,0.59,0.0,0.0,0.0
3,0.59,0.59,0.0,0.0,0.0
4,0.59,0.59,0.0,0.0,0.0
5,0.59,0.59,0.0,0.0,0.0
6,0.59,0.59,0.0,0.0,0.0
7,0.59,0.59,0.0,0.0,0.0
8,0.59,0.59,0.0,0.0,0.0
9,0.59,0.59,0.0,0.0,0.0
