epoch,train_accuracy,dev_accuracy,dev_precision,dev_recall,dev_f1score
0,0.73,0.75,0.630012936610608,0.951171875,0.757976653696498
1,0.82,0.84,0.7826855123674912,0.865234375,0.8218923933209646
2,0.82,0.83,0.7243401759530792,0.96484375,0.8274706867671692
3,0.85,0.85,0.7599364069952306,0.93359375,0.8378615249780894
4,0.86,0.86,0.8138686131386861,0.87109375,0.8415094339622642
5,0.86,0.88,0.8095238095238095,0.9296875,0.8654545454545454
6,0.87,0.86,0.797945205479452,0.91015625,0.8503649635036495
7,0.87,0.87,0.7896440129449838,0.953125,0.863716814159292
