epoch,train_accuracy,dev_accuracy,dev_precision,dev_recall,dev_f1score
0,0.83,0.81,0.7567567567567568,0.8203125,0.7872539831302718
1,0.83,0.84,0.7343065693430657,0.982421875,0.8404344193817878
2,0.87,0.87,0.7821316614420063,0.974609375,0.8678260869565217
3,0.88,0.89,0.828719723183391,0.935546875,0.8788990825688073
4,0.88,0.89,0.8078817733990148,0.9609375,0.8777876895628903
5,0.89,0.9,0.82996632996633,0.962890625,0.891500904159132
6,0.89,0.89,0.8107667210440457,0.970703125,0.8835555555555555
7,0.88,0.88,0.8372943327239488,0.89453125,0.8649669499527857
