epoch,train_accuracy,dev_accuracy,dev_precision,dev_recall,dev_f1score
0,0.89,0.9,0.819376026272578,0.974609375,0.8902765388046388
1,0.9,0.9,0.8687615526802218,0.91796875,0.8926875593542262
2,0.9,0.9,0.838160136286201,0.9609375,0.8953594176524113
3,0.89,0.89,0.8407871198568873,0.91796875,0.8776844070961718
4,0.89,0.9,0.8204283360790774,0.97265625,0.8900804289544235
5,0.88,0.88,0.8003246753246753,0.962890625,0.874113475177305
6,0.9,0.9,0.843103448275862,0.955078125,0.8956043956043956
7,0.89,0.89,0.8371681415929203,0.923828125,0.8783658310120707
8,0.83,0.83,0.7405660377358491,0.919921875,0.8205574912891987
