epoch,train_accuracy,dev_accuracy,dev_precision,dev_recall,dev_f1score
0,0.59,0.59,0.8571428571428571,0.01171875,0.023121387283236993
1,0.59,0.59,0.0,0.0,0.0
2,0.59,0.59,0.0,0.0,0.0
3,0.59,0.59,0.0,0.0,0.0
4,0.59,0.59,0.0,0.0,0.0
5,0.59,0.59,0.0,0.0,0.0
6,0.59,0.59,0.0,0.0,0.0
7,0.59,0.59,0.0,0.0,0.0
8,0.59,0.59,0.0,0.0,0.0
9,0.59,0.59,0.0,0.0,0.0
10,0.59,0.59,0.0,0.0,0.0
11,0.59,0.59,0.0,0.0,0.0
12,0.59,0.59,0.0,0.0,0.0
13,0.59,0.59,0.0,0.0,0.0
