epoch,train_accuracy,dev_accuracy,dev_precision,dev_recall,dev_f1score
0,0.84,0.85,0.7981651376146789,0.849609375,0.8230842005676444
1,0.87,0.88,0.8109965635738832,0.921875,0.8628884826325411
2,0.88,0.87,0.8126094570928196,0.90625,0.8568790397045244
3,0.87,0.87,0.7888707037643208,0.94140625,0.8584149599287623
4,0.88,0.88,0.7986798679867987,0.9453125,0.8658318425760286
5,0.86,0.86,0.7713841368584758,0.96875,0.8588744588744588
