epoch,train_accuracy,dev_accuracy,dev_precision,dev_recall,dev_f1score
0,0.84,0.83,0.7301829268292683,0.935546875,0.8202054794520548
1,0.85,0.84,0.7688442211055276,0.896484375,0.8277727682596934
2,0.86,0.87,0.8185117967332124,0.880859375,0.8485418626528693
3,0.88,0.88,0.8062913907284768,0.951171875,0.8727598566308243
4,0.88,0.88,0.8039867109634552,0.9453125,0.8689407540394973
5,0.89,0.88,0.8205574912891986,0.919921875,0.8674033149171271
6,0.85,0.86,0.7696,0.939453125,0.8460861917326297
