epoch,train_accuracy,dev_accuracy,dev_precision,dev_recall,dev_f1score
0,0.86,0.86,0.8057553956834532,0.875,0.8389513108614233
1,0.84,0.86,0.773015873015873,0.951171875,0.8528896672504379
2,0.87,0.87,0.8098591549295775,0.8984375,0.8518518518518519
3,0.88,0.89,0.8092105263157895,0.9609375,0.8785714285714287
4,0.88,0.88,0.8,0.953125,0.8698752228163994
5,0.87,0.86,0.7746031746031746,0.953125,0.8546409807355517
6,0.88,0.87,0.8324125230202578,0.8828125,0.8568720379146918
