epoch,train_accuracy,dev_accuracy,dev_precision,dev_recall,dev_f1score
0,0.83,0.84,0.7446483180428135,0.951171875,0.8353344768439107
1,0.86,0.86,0.8063380281690141,0.89453125,0.8481481481481482
2,0.88,0.89,0.8157453936348409,0.951171875,0.8782687105500451
3,0.85,0.87,0.784,0.95703125,0.8619173262972736
