epoch,train_accuracy,dev_accuracy,dev_precision,dev_recall,dev_f1score
0,0.83,0.84,0.7704081632653061,0.884765625,0.8236363636363636
1,0.81,0.82,0.7628318584070797,0.841796875,0.8003714020427113
2,0.86,0.86,0.7871621621621622,0.91015625,0.8442028985507245
3,0.86,0.87,0.8237410071942446,0.89453125,0.8576779026217228
