epoch,train_accuracy,dev_accuracy,dev_precision,dev_recall,dev_f1score
0,0.9,0.9,0.8307692307692308,0.94921875,0.8860528714676389
1,0.89,0.89,0.8117839607201309,0.96875,0.8833481745325023
2,0.89,0.88,0.8375451263537906,0.90625,0.8705440900562852
3,0.9,0.9,0.8324873096446701,0.9609375,0.8921124206708976
4,0.89,0.9,0.8159609120521173,0.978515625,0.8898756660746003
5,0.91,0.9,0.8352941176470589,0.970703125,0.8979223125564589
6,0.9,0.91,0.8484320557491289,0.951171875,0.8968692449355433
