epoch,train_accuracy,dev_accuracy,dev_precision,dev_recall,dev_f1score
0,0.84,0.85,0.8010849909584087,0.865234375,0.831924882629108
1,0.84,0.85,0.7725752508361204,0.90234375,0.8324324324324325
2,0.87,0.88,0.8123924268502581,0.921875,0.8636779505946934
3,0.83,0.81,0.7726396917148363,0.783203125,0.7778855480116392
